fragment_id,behavior_id
0,18
1,11
2,15
3,11
4,18
5,18
6,18
7,11
8,11
9,11
10,15
11,15
12,11
13,15
14,11
15,3
16,15
17,18
18,18
19,15
20,15
21,11
22,15
23,15
24,11
25,11
26,15
27,11
28,15
29,11
30,15
31,15
32,18
33,11
34,15
35,11
36,18
37,15
38,11
39,11
40,18
41,18
42,18
43,11
44,11
45,18
46,18
47,11
48,11
49,15
50,18
51,18
52,11
53,15
54,11
55,18
56,15
57,3
58,18
59,18
60,15
61,18
62,11
63,18
64,15
65,18
66,18
67,15
68,18
69,15
70,18
71,11
72,11
73,18
74,15
75,18
76,15
77,11
78,18
79,11
80,11
81,18
82,11
83,11
84,11
85,11
86,18
87,15
88,15
89,11
90,18
91,15
92,11
93,18
94,11
95,18
96,18
97,15
98,11
99,18
100,15
101,18
102,18
103,18
104,11
105,11
106,4
107,15
108,11
109,11
110,11
111,15
112,18
113,15
114,18
115,15
116,18
117,11
118,18
119,11
120,4
121,9
122,11
123,18
124,15
125,18
126,18
127,18
128,18
129,15
130,15
131,18
132,11
133,11
134,4
135,9
136,18
137,18
138,15
139,15
140,15
141,18
142,11
143,15
144,15
145,11
146,15
147,15
148,15
149,11
150,15
151,11
152,11
153,11
154,15
155,15
156,18
157,18
158,18
159,11
160,18
161,15
162,15
163,11
164,18
165,15
166,11
167,18
168,18
169,11
170,11
171,11
172,11
173,11
174,11
175,4
176,11
177,11
178,18
179,15
180,15
181,4
182,18
183,15
184,4
185,11
186,11
187,11
188,15
189,18
190,18
191,18
192,4
193,4
194,11
195,18
196,11
197,4
198,11
199,15
200,11
201,1
202,11
203,15
204,11
205,15
206,15
207,18
208,11
209,11
210,11
211,18
212,6
213,11
214,15
215,18
216,11
217,4
218,18
219,11
220,15
221,18
222,15
223,18
224,11
225,15
226,15
227,15
228,11
229,18
230,15
231,11
232,11
233,11
234,18
235,11
236,4
237,15
238,11
239,11
240,15
241,18
242,11
243,11
244,11
245,15
246,15
247,4
248,11
249,11
250,18
251,18
252,11
253,18
254,18
255,4
256,18
257,15
258,15
259,11
260,15
261,15
262,15
263,18
264,18
265,15
266,11
267,11
268,15
269,11
270,15
271,15
272,18
273,15
274,11
275,4
276,18
277,15
278,11
279,15
280,11
281,11
282,15
283,11
284,15
285,11
286,15
287,11
288,18
289,11
290,11
291,11
292,18
293,11
294,15
295,11
296,4
297,15
298,18
299,15
300,18
301,11
302,13
303,11
304,15
305,15
306,15
307,18
308,11
309,11
310,18
311,11
312,18
313,15
314,15
315,4
316,11
317,11
318,15
319,18
320,18
321,15
322,11
323,11
324,18
325,18
326,18
327,11
328,11
329,4
330,11
331,15
332,11
333,11
334,18
335,18
336,18
337,11
338,11
339,15
340,11
341,11
342,15
343,11
344,18
345,18
346,18
347,18
348,11
349,11
350,11
351,18
352,4
353,18
354,18
355,11
356,11
357,4
358,11
359,15
360,11
361,11
362,15
363,15
364,15
365,15
366,15
367,18
368,11
369,11
370,15
371,11
372,9
373,4
374,18
375,18
376,15
377,11
378,18
379,11
380,18
381,15
382,11
383,11
384,11
385,18
386,18
387,11
388,18
389,18
390,11
391,11
392,18
393,11
394,11
395,11
396,18
397,15
398,18
399,18
400,11
401,18
402,11
403,15
404,15
405,11
406,18
407,18
408,18
409,18
410,11
411,15
412,11
413,11
414,18
415,11
416,11
417,11
418,15
419,11
420,11
421,11
422,18
423,11
424,11
425,18
426,15
427,15
428,18
429,11
430,15
431,11
432,18
433,18
434,4
435,11
436,11
437,11
438,11
439,15
440,11
441,15
442,15
443,4
444,11
445,11
446,3
447,15
448,15
449,15
450,18
451,4
452,11
453,18
454,18
455,18
456,18
457,11
458,18
459,15
460,15
461,15
462,18
463,11
464,15
465,15
466,18
467,18
468,11
469,11
470,18
471,4
472,4
473,15
474,18
475,4
476,11
477,11
478,18
479,4
480,11
481,15
482,11
483,15
484,18
485,11
486,18
487,11
488,11
489,18
490,15
491,11
492,11
493,15
494,11
495,18
496,11
497,11
498,11
499,11
500,4
501,15
502,11
503,18
504,15
505,11
506,3
507,18
508,18
509,11
510,15
511,18
512,11
513,15
514,15
515,1
516,11
517,18
518,11
519,11
520,15
521,18
522,4
523,11
524,18
525,11
526,15
527,4
528,11
529,11
530,11
531,11
532,11
533,15
534,15
535,11
536,3
537,1
538,11
539,11
540,11
541,11
542,15
543,18
544,18
545,15
546,18
547,18
548,15
549,4
550,4
551,15
552,11
553,15
554,15
555,11
556,11
557,11
558,11
559,18
560,15
561,11
562,15
563,4
564,11
565,18
566,18
567,15
568,4
569,15
570,11
571,18
572,11
573,18
574,15
575,18
576,4
577,11
578,15
579,11
580,11
581,15
582,15
583,11
584,18
585,11
586,15
587,18
588,11
589,11
590,11
591,15
592,4
593,18
594,15
595,11
596,11
597,15
598,15
599,18
600,11
601,11
602,11
603,18
604,11
605,18
606,11
607,11
608,18
609,0
610,11
611,15
612,15
613,15
614,11
615,15
616,15
617,4
618,4
619,4
620,15
621,11
622,11
623,11
624,18
625,11
626,11
627,11
628,15
629,11
630,18
631,11
632,11
633,11
634,15
635,11
636,18
637,11
638,11
639,18
640,15
641,15
642,11
643,11
644,18
645,15
646,15
647,18
648,11
649,11
650,18
651,11
652,15
653,15
654,11
655,15
656,11
657,18
658,18
659,18
660,18
661,11
662,18
663,18
664,11
665,15
666,15
667,11
668,15
669,15
670,15
671,15
672,15
673,15
674,15
675,11
676,11
677,15
678,11
679,15
680,11
681,18
682,18
683,11
684,15
685,9
686,15
687,18
688,15
689,18
690,18
691,15
692,11
693,15
694,11
695,11
696,11
697,4
698,18
699,4
700,18
701,11
702,18
703,18
704,18
705,15
706,18
707,11
708,11
709,18
710,11
711,18
712,11
713,4
714,15
715,15
716,11
717,11
718,15
719,11
720,15
721,18
722,15
723,18
724,11
725,11
726,18
727,4
728,18
729,15
730,11
731,18
732,15
733,11
734,11
735,11
736,15
737,18
738,18
739,11
740,18
741,15
742,11
743,18
744,15
745,15
746,4
747,11
748,11
749,18
750,18
751,15
752,15
753,15
754,11
755,15
756,11
757,11
758,11
759,11
760,11
761,18
762,15
763,15
764,15
765,18
766,18
767,18
768,11
769,11
770,4
771,18
772,15
773,11
774,15
775,18
776,15
777,4
778,18
779,15
780,15
781,11
782,18
783,6
784,18
785,18
786,18
787,11
788,15
789,18
790,11
791,11
792,11
793,18
794,11
795,18
796,15
797,15
798,15
799,18
800,11
801,15
802,15
803,11
804,15
805,18
806,15
807,11
808,11
809,15
810,11
811,18
812,18
813,11
814,11
815,11
816,11
817,11
818,18
819,11
820,15
821,11
822,15
823,18
824,15
825,15
826,11
827,18
828,4
829,11
830,15
831,15
832,18
833,18
834,11
835,18
836,11
837,18
838,15
839,1
840,11
841,15
842,11
843,3
844,18
845,11
846,15
847,11
848,11
849,11
850,18
851,18
852,4
853,18
854,18
855,11
856,18
857,15
858,15
859,15
860,11
861,11
862,18
863,11
864,18
865,11
866,18
867,11
868,18
869,15
870,18
871,15
872,11
873,15
874,18
875,11
876,18
877,9
878,11
879,11
880,15
881,15
882,15
883,11
884,11
885,15
886,15
887,11
888,15
889,15
890,18
891,15
892,11
893,18
894,18
895,11
896,11
897,11
898,11
899,11
900,18
901,11
902,4
903,15
904,11
905,15
906,18
907,11
908,18
909,11
910,18
911,11
912,18
913,11
914,11
915,4
916,11
917,4
918,11
919,15
920,18
921,15
922,11
923,15
924,18
925,11
926,15
927,15
928,11
929,18
930,18
931,15
932,11
933,4
934,11
935,11
936,15
937,15
938,11
939,11
940,4
941,18
942,18
943,18
944,11
945,18
946,11
947,11
948,11
949,15
950,11
951,18
952,15
953,15
954,18
955,15
956,4
957,11
958,11
959,11
960,11
961,11
962,15
963,11
964,4
965,11
966,11
967,11
968,11
969,11
970,15
971,15
972,11
973,18
974,15
975,11
976,18
977,15
978,11
979,15
980,18
981,18
982,11
983,11
984,11
985,18
986,18
987,11
988,11
989,18
990,11
991,18
992,11
993,11
994,18
995,15
996,18
997,18
998,18
999,15
1000,4
1001,4
1002,11
1003,18
1004,11
1005,15
1006,15
1007,11
1008,15
1009,15
1010,18
1011,11
1012,11
1013,15
1014,11
1015,4
1016,4
1017,11
1018,18
1019,15
1020,11
1021,15
1022,11
1023,18
1024,11
1025,11
1026,11
1027,15
1028,18
1029,4
1030,18
1031,11
1032,18
1033,11
1034,15
1035,18
1036,11
1037,18
1038,11
1039,11
1040,18
1041,11
1042,15
1043,18
1044,11
1045,11
1046,15
1047,15
1048,18
1049,18
1050,18
1051,18
1052,15
1053,15
1054,11
1055,11
1056,18
1057,15
1058,18
1059,11
1060,11
1061,18
1062,18
1063,18
1064,4
1065,18
1066,18
1067,18
1068,18
1069,15
1070,4
1071,15
1072,18
1073,18
1074,15
1075,4
1076,18
1077,11
1078,4
1079,11
1080,18
1081,18
1082,18
1083,15
1084,11
1085,11
1086,11
1087,18
1088,18
1089,11
1090,15
1091,15
1092,11
1093,18
1094,15
1095,15
1096,18
1097,15
1098,11
1099,18
1100,18
1101,18
1102,11
1103,11
1104,11
1105,15
1106,11
1107,11
1108,15
1109,15
1110,11
1111,11
1112,4
1113,11
1114,18
1115,11
1116,18
1117,11
1118,18
1119,11
1120,11
1121,11
1122,15
1123,15
1124,11
1125,18
1126,18
1127,11
1128,18
1129,18
1130,15
1131,11
1132,15
1133,15
1134,15
1135,18
1136,18
1137,4
1138,18
1139,18
1140,18
1141,11
1142,11
1143,15
1144,18
1145,15
1146,15
1147,11
1148,15
1149,18
1150,18
1151,12
1152,4
1153,11
1154,4
1155,11
1156,11
1157,11
1158,9
1159,18
1160,15
1161,18
1162,15
1163,15
1164,4
1165,15
1166,18
1167,18
1168,15
1169,11
1170,11
1171,15
1172,15
1173,11
1174,11
1175,15
1176,11
1177,18
1178,4
1179,11
1180,15
1181,11
1182,18
1183,11
1184,4
1185,11
1186,15
1187,11
1188,15
1189,18
1190,18
1191,15
1192,18
1193,18
1194,11
1195,11
1196,15
1197,11
1198,11
1199,18
1200,9
1201,18
1202,15
1203,15
1204,15
1205,11
1206,11
1207,11
1208,15
1209,15
1210,4
1211,18
1212,15
1213,11
1214,18
1215,18
1216,18
1217,15
1218,11
1219,4
1220,15
1221,11
1222,11
1223,18
1224,18
1225,11
1226,18
1227,18
1228,18
1229,18
1230,11
1231,15
1232,15
1233,15
1234,18
1235,11
1236,15
1237,11
1238,4
1239,18
1240,18
1241,15
1242,11
1243,15
1244,11
1245,11
1246,15
1247,18
1248,18
1249,18
1250,15
1251,15
1252,15
1253,4
1254,18
1255,15
1256,15
1257,11
1258,11
1259,18
1260,18
1261,18
1262,18
1263,11
1264,18
1265,11
1266,4
1267,11
1268,11
1269,15
1270,18
1271,11
1272,15
1273,18
1274,18
1275,15
1276,18
1277,11
1278,18
1279,11
1280,15
1281,11
1282,12
1283,11
1284,15
1285,11
1286,18
1287,18
1288,11
1289,18
1290,18
1291,18
1292,15
1293,18
1294,11
1295,18
1296,18
1297,11
1298,18
1299,4
1300,18
1301,18
1302,11
1303,15
1304,18
1305,11
1306,18
1307,18
1308,18
1309,11
1310,15
1311,11
1312,15
1313,11
1314,15
1315,18
1316,15
1317,18
1318,11
1319,11
1320,15
1321,18
1322,15
1323,15
1324,18
1325,11
1326,11
1327,15
1328,11
1329,15
1330,6
1331,18
1332,15
1333,11
1334,11
1335,15
1336,15
1337,11
1338,15
1339,18
1340,11
1341,11
1342,11
1343,15
1344,15
1345,15
1346,11
1347,15
1348,11
1349,11
1350,11
1351,11
1352,11
1353,11
1354,11
1355,18
1356,15
1357,11
1358,15
1359,11
1360,11
1361,18
1362,15
1363,15
1364,11
1365,18
1366,18
1367,18
1368,18
1369,18
1370,15
1371,11
1372,11
1373,11
1374,15
1375,15
1376,18
1377,11
1378,15
1379,11
1380,4
1381,15
1382,11
1383,4
1384,18
1385,15
1386,15
1387,11
1388,11
1389,11
1390,15
1391,11
1392,4
1393,15
1394,18
1395,18
1396,18
1397,4
1398,18
1399,11
1400,11
1401,11
1402,15
1403,11
1404,15
1405,15
1406,15
1407,18
1408,18
1409,11
1410,18
1411,11
1412,18
1413,11
1414,4
1415,15
1416,15
1417,18
1418,15
1419,15
1420,11
1421,18
1422,18
1423,11
1424,11
1425,18
1426,15
1427,11
1428,18
1429,11
1430,18
1431,18
1432,4
1433,18
1434,15
1435,15
1436,11
1437,11
1438,4
1439,15
1440,15
1441,15
1442,4
1443,18
1444,11
1445,4
1446,4
1447,15
1448,18
1449,18
1450,11
1451,18
1452,11
1453,15
1454,11
1455,15
1456,15
1457,15
1458,11
1459,18
1460,18
1461,4
1462,15
1463,11
1464,11
1465,18
1466,18
1467,11
1468,11
1469,15
1470,18
1471,18
1472,11
1473,15
1474,18
1475,11
1476,18
1477,18
1478,15
1479,11
1480,15
1481,4
1482,15
1483,11
1484,15
1485,11
1486,15
1487,11
1488,11
1489,11
1490,11
1491,15
1492,4
1493,11
1494,18
1495,15
1496,18
1497,15
1498,11
1499,11
1500,4
1501,15
1502,18
1503,18
1504,11
1505,18
1506,11
1507,15
1508,15
1509,11
1510,11
1511,11
1512,11
1513,11
1514,18
1515,11
1516,11
1517,11
1518,15
1519,11
1520,18
1521,11
1522,11
1523,15
1524,1
1525,18
1526,15
1527,15
1528,18
1529,15
1530,15
1531,18
1532,12
1533,11
1534,15
1535,11
1536,11
1537,18
1538,15
1539,11
1540,15
1541,15
1542,11
1543,15
1544,18
1545,15
1546,11
1547,11
1548,12
1549,4
1550,18
1551,15
1552,15
1553,11
1554,11
1555,18
1556,18
1557,11
1558,18
1559,15
1560,18
1561,11
1562,11
1563,15
1564,15
1565,15
1566,15
1567,18
1568,18
1569,15
1570,11
1571,18
1572,4
1573,18
1574,18
1575,15
1576,15
1577,18
1578,18
1579,18
1580,11
1581,18
1582,11
1583,18
1584,15
1585,11
1586,18
1587,11
1588,11
1589,15
1590,18
1591,18
1592,15
1593,11
1594,11
1595,18
1596,11
1597,18
1598,15
1599,18
1600,18
1601,15
1602,4
1603,18
1604,18
1605,11
1606,15
1607,15
1608,15
1609,11
1610,11
1611,15
1612,18
1613,11
1614,11
1615,15
1616,18
1617,18
1618,15
1619,11
1620,11
1621,18
1622,15
1623,18
1624,18
1625,11
1626,11
1627,11
1628,15
1629,11
1630,18
1631,15
1632,11
1633,11
1634,18
1635,18
1636,15
1637,11
1638,18
1639,15
1640,11
1641,15
1642,15
1643,11
1644,11
1645,18
1646,4
1647,15
1648,18
1649,18
1650,15
1651,3
1652,18
1653,15
1654,18
1655,11
1656,15
1657,11
1658,15
1659,18
1660,18
1661,18
1662,18
1663,18
1664,18
1665,11
1666,15
1667,11
1668,18
1669,4
1670,4
1671,15
1672,11
1673,11
1674,4
1675,18
1676,15
1677,11
1678,18
1679,15
1680,11
1681,11
1682,15
1683,11
1684,18
1685,15
1686,11
1687,11
1688,11
1689,15
1690,11
1691,15
1692,11
1693,11
1694,18
1695,11
1696,15
1697,15
1698,11
1699,11
1700,11
1701,15
1702,11
1703,4
1704,11
1705,18
1706,18
1707,11
1708,15
1709,11
1710,15
1711,11
1712,18
1713,11
1714,15
1715,15
1716,18
1717,15
1718,15
1719,15
1720,3
1721,4
1722,18
1723,18
1724,18
1725,15
1726,11
1727,11
1728,11
1729,18
1730,15
1731,15
1732,4
1733,18
1734,15
1735,11
1736,18
1737,15
1738,11
1739,18
1740,15
1741,11
1742,15
1743,11
1744,15
1745,11
1746,15
1747,18
1748,11
1749,15
1750,18
1751,11
1752,11
1753,15
1754,11
1755,18
1756,15
1757,11
1758,11
1759,11
1760,15
1761,15
1762,18
1763,18
1764,15
1765,11
1766,15
1767,18
1768,15
1769,18
1770,4
1771,3
1772,11
1773,11
1774,15
1775,4
1776,15
1777,4
1778,15
1779,11
1780,11
1781,11
1782,11
1783,15
1784,11
1785,11
1786,11
1787,18
1788,18
1789,11
1790,11
1791,18
1792,15
1793,15
1794,18
1795,18
1796,11
1797,18
1798,11
1799,11
1800,18
1801,15
1802,15
1803,15
1804,18
1805,11
1806,18
1807,15
1808,11
1809,11
1810,15
1811,18
1812,11
1813,18
1814,15
1815,15
1816,11
1817,9
1818,18
1819,4
1820,18
1821,18
1822,18
1823,15
1824,11
1825,15
1826,18
1827,4
1828,15
1829,18
1830,11
1831,18
1832,18
1833,15
1834,4
1835,15
1836,11
1837,15
1838,18
1839,15
1840,11
1841,11
1842,18
1843,18
1844,11
1845,15
1846,11
1847,15
1848,11
1849,11
1850,18
1851,11
1852,11
1853,11
1854,15
1855,18
1856,15
1857,18
1858,11
1859,18
1860,15
1861,11
1862,15
1863,18
1864,11
1865,11
1866,18
1867,15
1868,18
1869,11
1870,11
1871,15
1872,18
1873,11
1874,11
1875,11
1876,11
1877,11
1878,15
1879,18
1880,18
1881,15
1882,11
1883,15
1884,18
1885,11
1886,11
1887,15
1888,15
1889,18
1890,18
1891,15
1892,15
1893,15
1894,11
1895,15
1896,11
1897,11
1898,15
1899,11
1900,15
1901,11
1902,11
1903,15
1904,11
1905,15
1906,11
1907,15
1908,18
1909,11
1910,18
1911,11
1912,18
1913,11
1914,18
1915,11
1916,15
1917,11
1918,18
1919,11
1920,11
1921,9
1922,11
1923,15
1924,18
1925,11
1926,15
1927,11
1928,15
1929,15
1930,11
1931,18
1932,11
1933,11
1934,18
1935,18
1936,15
1937,15
1938,18
1939,11
1940,18
1941,15
1942,4
1943,15
1944,18
1945,15
1946,18
1947,11
1948,18
1949,4
1950,18
1951,15
1952,11
1953,18
1954,11
1955,18
1956,15
1957,18
1958,11
1959,15
1960,18
1961,18
1962,15
1963,15
1964,4
1965,11
1966,18
1967,11
1968,18
1969,18
1970,11
1971,11
1972,18
1973,11
1974,11
1975,18
1976,11
1977,18
1978,18
1979,11
1980,18
1981,15
1982,11
1983,11
1984,11
1985,4
1986,15
1987,15
1988,4
1989,11
1990,18
1991,15
1992,15
1993,15
1994,11
1995,15
1996,11
1997,18
1998,15
1999,18
2000,18
2001,11
2002,15
2003,15
2004,15
2005,4
2006,11
2007,18
2008,18
2009,11
2010,15
2011,15
2012,18
2013,11
2014,11
2015,11
2016,11
2017,11
2018,15
2019,15
2020,11
2021,13
2022,15
2023,15
2024,15
2025,11
2026,11
2027,9
2028,11
2029,11
2030,15
2031,18
2032,15
2033,11
2034,18
2035,15
2036,11
2037,18
2038,18
2039,11
2040,15
2041,15
2042,11
2043,11
2044,11
2045,11
2046,4
2047,11
2048,11
2049,11
2050,18
2051,15
2052,4
2053,11
2054,18
2055,18
2056,15
2057,18
2058,18
2059,15
2060,11
2061,11
2062,11
2063,15
2064,18
2065,18
2066,15
2067,11
2068,15
2069,11
2070,18
2071,11
2072,18
2073,11
2074,11
2075,15
2076,15
2077,15
2078,15
2079,15
2080,11
2081,11
2082,4
2083,18
2084,11
2085,18
2086,15
2087,15
2088,15
2089,18
2090,15
2091,18
2092,18
2093,11
2094,18
2095,11
2096,11
2097,15
2098,11
2099,18
2100,11
2101,18
2102,11
2103,18
2104,18
2105,11
2106,15
2107,15
2108,15
2109,15
2110,18
2111,15
2112,11
2113,11
2114,11
2115,15
2116,18
2117,18
2118,4
2119,11
2120,11
2121,15
2122,11
2123,11
2124,11
2125,18
2126,15
2127,18
2128,15
2129,4
2130,11
2131,15
2132,18
2133,18
2134,15
2135,15
2136,11
2137,4
2138,11
2139,11
2140,11
2141,18
2142,11
2143,15
2144,18
2145,11
2146,18
2147,15
2148,18
2149,15
2150,4
2151,18
2152,15
2153,18
2154,11
2155,18
2156,15
2157,15
2158,11
2159,4
2160,18
2161,18
2162,11
2163,11
2164,15
2165,18
2166,11
2167,15
2168,15
2169,12
2170,18
2171,15
2172,11
2173,11
2174,18
2175,15
2176,11
2177,11
2178,11
2179,15
2180,15
2181,15
2182,4
2183,15
2184,18
2185,15
2186,18
2187,18
2188,15
2189,11
2190,18
2191,15
2192,18
2193,18
2194,15
2195,18
2196,15
2197,11
2198,11
2199,11
2200,11
2201,18
2202,18
2203,18
2204,18
2205,18
2206,11
2207,4
2208,11
2209,11
2210,11
2211,18
2212,11
2213,18
2214,18
2215,15
2216,18
2217,15
2218,11
2219,18
2220,11
2221,18
2222,15
2223,11
2224,15
2225,15
2226,15
2227,15
2228,3
2229,11
2230,11
2231,11
2232,18
2233,15
2234,18
2235,15
2236,4
2237,11
2238,11
2239,11
2240,11
2241,15
2242,15
2243,11
2244,3
2245,15
2246,18
2247,11
2248,11
2249,18
2250,15
2251,15
2252,15
2253,18
2254,15
2255,3
2256,15
2257,11
2258,18
2259,15
2260,18
2261,15
2262,18
2263,11
2264,15
2265,15
2266,11
2267,18
2268,18
2269,15
2270,18
2271,15
2272,18
2273,18
2274,18
2275,11
2276,15
2277,18
2278,15
2279,11
2280,18
2281,11
2282,18
2283,15
2284,18
2285,18
2286,15
2287,18
2288,15
2289,15
2290,15
2291,15
2292,11
2293,11
2294,11
2295,11
2296,15
2297,15
2298,18
2299,11
2300,15
2301,15
2302,18
2303,15
2304,15
2305,15
2306,11
2307,1
2308,4
2309,11
2310,18
2311,18
2312,18
2313,18
2314,11
2315,18
2316,11
2317,18
2318,11
2319,11
2320,11
2321,18
2322,11
2323,11
2324,11
2325,11
2326,15
2327,15
2328,18
2329,18
2330,3
2331,18
2332,18
2333,15
2334,15
2335,4
2336,11
2337,11
2338,11
2339,18
2340,18
2341,11
2342,15
2343,15
2344,18
2345,11
2346,11
2347,11
2348,18
2349,11
2350,18
2351,11
2352,18
2353,11
2354,18
2355,15
2356,18
2357,11
2358,11
2359,11
2360,11
2361,15
2362,3
2363,18
2364,11
2365,11
2366,11
2367,18
2368,15
2369,18
2370,18
2371,15
2372,11
2373,15
2374,11
2375,11
2376,15
2377,11
2378,15
2379,15
2380,11
2381,18
2382,18
2383,4
2384,15
2385,11
2386,15
2387,15
2388,15
2389,18
2390,18
2391,4
2392,18
2393,15
2394,18
2395,11
2396,15
2397,15
2398,11
2399,15
2400,11
2401,18
2402,18
2403,15
2404,18
2405,11
2406,15
2407,11
2408,15
2409,11
2410,15
2411,15
2412,18
2413,11
2414,11
2415,11
2416,11
2417,15
2418,11
2419,18
2420,15
2421,18
2422,18
2423,18
2424,18
2425,15
2426,18
2427,15
2428,15
2429,11
2430,15
2431,11
2432,11
2433,18
2434,11
2435,11
2436,11
2437,18
2438,11
2439,18
2440,11
2441,11
2442,11
2443,15
2444,18
2445,15
2446,15
2447,15
2448,4
2449,18
2450,11
2451,18
2452,11
2453,18
2454,15
2455,11
2456,4
2457,18
2458,18
2459,18
2460,15
2461,11
2462,15
2463,15
2464,11
2465,18
2466,18
2467,11
2468,18
2469,18
2470,15
2471,11
2472,18
2473,11
2474,15
2475,18
2476,15
2477,11
2478,11
2479,18
2480,11
2481,18
2482,18
2483,11
2484,18
2485,18
2486,11
2487,18
2488,11
2489,18
2490,4
2491,11
2492,18
2493,11
2494,15
2495,4
2496,11
2497,15
2498,15
2499,11
2500,15
2501,18
2502,11
2503,15
2504,11
2505,11
2506,18
2507,15
2508,15
2509,15
2510,4
2511,11
2512,15
2513,15
2514,11
2515,11
2516,15
2517,11
2518,15
2519,11
2520,11
2521,18
2522,11
2523,11
2524,11
2525,15
2526,18
2527,15
2528,11
2529,15
2530,11
2531,18
2532,18
2533,15
2534,11
2535,18
2536,11
2537,11
2538,11
2539,18
2540,15
2541,11
2542,18
2543,15
2544,11
2545,11
2546,11
2547,15
2548,18
2549,18
2550,18
2551,15
2552,11
2553,11
2554,11
2555,4
2556,18
2557,18
2558,15
2559,18
2560,15
2561,15
2562,11
2563,18
2564,11
2565,11
2566,11
2567,15
2568,11
2569,4
2570,11
2571,11
2572,15
2573,11
2574,15
2575,18
2576,11
2577,1
2578,18
2579,18
2580,18
2581,11
2582,18
2583,15
2584,11
2585,15
2586,18
2587,18
2588,15
2589,18
2590,15
2591,18
2592,15
2593,6
2594,11
2595,18
2596,18
2597,15
2598,15
2599,15
2600,18
2601,4
2602,4
2603,18
2604,15
2605,18
2606,15
2607,11
2608,4
2609,15
2610,15
2611,11
2612,11
2613,15
2614,15
2615,15
2616,11
2617,15
2618,18
2619,18
2620,11
2621,15
2622,18
2623,18
2624,11
2625,11
2626,15
2627,11
2628,6
2629,18
2630,15
2631,15
2632,11
2633,18
2634,15
2635,11
2636,18
2637,11
2638,15
2639,11
2640,15
2641,11
2642,11
2643,18
2644,11
2645,11
2646,11
2647,15
2648,18
2649,15
2650,11
2651,18
2652,18
2653,18
2654,18
2655,18
2656,11
2657,15
2658,15
2659,18
2660,15
2661,11
2662,18
2663,18
2664,15
2665,15
2666,11
2667,18
2668,18
2669,11
2670,15
2671,18
2672,11
2673,15
2674,11
2675,15
2676,15
2677,11
2678,18
2679,18
2680,11
2681,11
2682,11
2683,11
2684,11
2685,15
2686,11
2687,11
2688,4
2689,15
2690,15
2691,18
2692,11
2693,15
2694,18
2695,11
2696,18
2697,18
2698,11
2699,15
2700,11
2701,11
2702,15
2703,18
2704,11
2705,15
2706,15
2707,18
2708,11
2709,4
2710,11
2711,15
2712,18
2713,11
2714,11
2715,15
2716,4
2717,18
2718,11
2719,15
2720,18
2721,15
2722,18
2723,15
2724,18
2725,11
2726,11
2727,4
2728,18
2729,15
2730,18
2731,15
2732,18
2733,15
2734,15
2735,4
2736,15
2737,15
2738,18
2739,15
2740,18
2741,15
2742,18
2743,15
2744,4
2745,18
2746,18
2747,15
2748,15
2749,11
2750,11
2751,11
2752,15
2753,18
2754,18
2755,18
2756,18
2757,15
2758,15
2759,15
2760,11
2761,15
2762,18
2763,11
2764,18
2765,15
2766,11
2767,15
2768,15
2769,15
2770,4
2771,18
2772,18
2773,15
2774,11
2775,11
2776,11
2777,11
2778,18
2779,11
2780,15
2781,15
2782,15
2783,11
2784,4
2785,15
2786,18
2787,11
2788,18
2789,11
2790,11
2791,11
2792,11
2793,15
2794,18
2795,11
2796,15
2797,18
2798,11
2799,18
2800,18
2801,11
2802,15
2803,11
2804,18
2805,15
2806,11
2807,4
2808,18
2809,11
2810,15
2811,18
2812,11
2813,15
2814,15
2815,18
2816,18
2817,18
2818,11
2819,18
2820,18
2821,11
2822,18
2823,11
2824,18
2825,15
2826,11
2827,18
2828,11
2829,18
2830,11
2831,18
2832,11
2833,11
2834,18
2835,18
2836,18
2837,11
2838,3
2839,15
2840,18
2841,18
2842,11
2843,15
2844,18
2845,15
2846,15
2847,18
2848,11
2849,18
2850,4
2851,11
2852,11
2853,11
2854,15
2855,11
2856,18
2857,15
2858,18
2859,11
2860,18
2861,11
2862,18
2863,11
2864,11
2865,15
2866,18
2867,18
2868,18
2869,4
2870,18
2871,11
2872,18
2873,11
2874,15
2875,11
2876,18
2877,15
2878,15
2879,11
2880,18
2881,11
2882,11
2883,11
2884,15
2885,15
2886,18
2887,18
2888,18
2889,18
2890,11
2891,11
2892,18
2893,15
2894,11
2895,11
2896,11
2897,4
2898,11
2899,11
2900,18
2901,18
2902,15
2903,18
2904,11
2905,11
2906,4
2907,18
2908,11
2909,18
2910,15
2911,18
2912,18
2913,15
2914,15
2915,15
2916,4
2917,11
2918,18
2919,18
2920,18
2921,18
2922,18
2923,18
2924,15
2925,18
2926,11
2927,18
2928,11
2929,11
2930,18
2931,11
2932,11
2933,18
2934,11
2935,18
2936,4
2937,4
2938,18
2939,11
2940,18
2941,11
2942,11
2943,18
2944,15
2945,11
2946,15
2947,18
2948,11
2949,4
2950,11
2951,11
2952,11
2953,11
2954,15
2955,15
2956,11
2957,11
2958,15
2959,11
2960,11
2961,15
2962,11
2963,4
2964,11
2965,15
2966,15
2967,18
2968,15
2969,11
2970,18
2971,15
2972,11
2973,15
2974,4
2975,15
2976,15
2977,18
2978,18
2979,11
2980,18
2981,4
2982,11
2983,15
2984,18
2985,15
2986,11
2987,4
2988,15
2989,15
2990,11
2991,18
2992,11
2993,15
2994,18
2995,11
2996,15
2997,11
2998,18
2999,15
3000,15
3001,11
3002,11
3003,18
3004,4
3005,11
3006,18
3007,11
3008,15
3009,11
3010,11
3011,15
3012,18
3013,11
3014,15
3015,18
3016,18
3017,11
3018,18
3019,15
3020,15
3021,3
3022,15
3023,11
3024,9
3025,15
3026,15
3027,15
3028,15
3029,18
3030,18
3031,11
3032,18
3033,18
3034,11
3035,18
3036,11
3037,11
3038,15
3039,11
3040,15
3041,18
3042,15
3043,11
3044,11
3045,18
3046,4
3047,11
3048,4
3049,11
3050,11
3051,11
3052,11
3053,18
3054,4
3055,18
3056,15
3057,18
3058,11
3059,18
3060,18
3061,18
3062,15
3063,15
3064,4
3065,4
3066,18
3067,11
3068,18
3069,18
3070,11
3071,11
3072,11
3073,11
3074,18
3075,11
3076,15
3077,18
3078,11
3079,11
3080,15
3081,18
3082,11
3083,11
3084,18
3085,11
3086,15
3087,15
3088,11
3089,15
3090,18
3091,15
3092,11
3093,11
3094,18
3095,15
3096,18
3097,15
3098,15
3099,11
3100,15
3101,18
3102,18
3103,15
3104,11
3105,4
3106,11
3107,15
3108,11
3109,15
3110,15
3111,18
3112,11
3113,18
3114,18
3115,18
3116,15
3117,11
3118,11
3119,11
3120,11
3121,11
3122,11
3123,11
3124,18
3125,18
3126,15
3127,11
3128,15
3129,11
3130,11
3131,11
3132,4
3133,15
3134,18
3135,11
3136,15
3137,11
3138,15
3139,11
3140,11
3141,11
3142,11
3143,15
3144,18
3145,18
3146,15
3147,4
3148,18
3149,18
3150,18
3151,15
3152,11
3153,15
3154,11
3155,11
3156,15
3157,18
3158,18
3159,11
3160,15
3161,15
3162,15
3163,18
3164,18
3165,11
3166,4
3167,11
3168,15
3169,11
3170,18
3171,11
3172,18
3173,15
3174,15
3175,11
3176,15
3177,15
3178,11
3179,11
3180,11
3181,15
3182,11
3183,18
3184,11
3185,18
3186,15
3187,11
3188,15
3189,11
3190,15
3191,11
3192,11
3193,11
3194,15
3195,11
3196,15
3197,1
3198,18
3199,18
3200,11
3201,18
3202,18
3203,15
3204,11
3205,15
3206,11
3207,15
3208,18
3209,15
3210,15
3211,4
3212,11
3213,11
3214,11
3215,11
3216,18
3217,15
3218,15
3219,18
3220,11
3221,11
3222,18
3223,11
3224,15
3225,11
3226,15
3227,15
3228,15
3229,11
3230,11
3231,18
3232,11
3233,15
3234,11
3235,4
3236,18
3237,18
3238,11
3239,15
3240,11
3241,11
3242,15
3243,18
3244,11
3245,11
3246,15
3247,11
3248,11
3249,18
3250,15
3251,11
3252,18
3253,15
3254,11
3255,18
3256,18
3257,18
3258,18
3259,18
3260,18
3261,11
3262,15
3263,15
3264,11
3265,15
3266,18
3267,11
3268,11
3269,15
3270,15
3271,18
3272,4
3273,11
3274,4
3275,11
3276,15
3277,11
3278,11
3279,18
3280,18
3281,15
3282,11
3283,18
3284,11
3285,15
3286,11
3287,18
3288,11
3289,11
3290,15
3291,11
3292,15
3293,15
3294,11
3295,11
3296,18
3297,15
3298,18
3299,11
3300,15
3301,18
3302,18
3303,15
3304,11
3305,11
3306,4
3307,15
3308,15
3309,11
3310,15
3311,15
3312,4
3313,11
3314,15
3315,4
3316,18
3317,11
3318,18
3319,18
3320,15
3321,11
3322,15
3323,15
3324,11
3325,15
3326,11
3327,11
3328,11
3329,11
3330,15
3331,15
3332,18
3333,18
3334,15
3335,18
3336,15
3337,15
3338,15
3339,18
3340,15
3341,18
3342,15
3343,11
3344,11
3345,18
3346,15
3347,4
3348,18
3349,11
3350,15
3351,15
3352,18
3353,15
3354,11
3355,15
3356,15
3357,15
3358,11
3359,15
3360,11
3361,18
3362,11
3363,18
3364,11
3365,18
3366,18
3367,18
3368,11
3369,11
3370,1
3371,11
3372,18
3373,15
3374,18
3375,18
3376,15
3377,11
3378,18
3379,15
3380,15
3381,18
3382,15
3383,11
3384,4
3385,18
3386,9
3387,11
3388,11
3389,11
3390,18
3391,15
3392,11
3393,4
3394,18
3395,18
3396,11
3397,11
3398,11
3399,15
3400,11
3401,15
3402,15
3403,15
3404,15
3405,1
3406,15
3407,18
3408,11
3409,15
3410,18
3411,11
3412,11
3413,15
3414,18
3415,4
3416,15
3417,18
3418,11
3419,18
3420,15
3421,11
3422,18
3423,15
3424,15
3425,11
3426,18
3427,18
3428,11
3429,11
3430,18
3431,15
3432,15
3433,15
3434,15
3435,11
3436,18
3437,15
3438,4
3439,18
3440,15
3441,11
3442,18
3443,15
3444,15
3445,15
3446,18
3447,11
3448,11
3449,18
3450,18
3451,15
3452,15
3453,4
3454,11
3455,18
3456,11
3457,15
3458,11
3459,15
3460,15
3461,11
3462,11
3463,11
3464,11
3465,18
3466,11
3467,15
3468,18
3469,11
3470,4
3471,15
3472,18
3473,18
3474,18
3475,18
3476,11
3477,18
3478,15
3479,15
3480,15
3481,15
3482,15
3483,15
3484,15
3485,15
3486,18
3487,11
3488,18
3489,11
3490,18
3491,18
3492,18
3493,18
3494,11
3495,15
3496,11
3497,15
3498,15
3499,15
3500,11
3501,11
3502,11
3503,18
3504,18
3505,11
3506,15
3507,9
3508,11
3509,18
3510,11
3511,11
3512,15
3513,4
3514,18
3515,11
3516,11
3517,11
3518,11
3519,18
3520,11
3521,18
3522,11
3523,18
3524,11
3525,18
3526,18
3527,15
3528,15
3529,15
3530,18
3531,18
3532,11
3533,11
3534,15
3535,15
3536,15
3537,18
3538,18
3539,18
3540,15
3541,15
3542,15
3543,18
3544,18
3545,11
3546,11
3547,15
3548,15
3549,18
3550,18
3551,18
3552,11
3553,18
3554,15
3555,11
3556,11
3557,4
3558,11
3559,18
3560,4
3561,11
3562,11
3563,11
3564,15
3565,11
3566,15
3567,11
3568,15
3569,18
3570,11
3571,18
3572,11
3573,15
3574,15
3575,15
3576,11
3577,15
3578,18
3579,9
3580,11
3581,11
3582,18
3583,15
3584,15
3585,11
3586,15
3587,11
3588,11
3589,11
3590,11
3591,11
3592,11
3593,0
3594,18
3595,11
3596,18
3597,4
3598,15
3599,18
3600,15
3601,4
3602,15
3603,18
3604,11
3605,11
3606,11
3607,11
3608,18
3609,11
3610,18
3611,11
3612,15
3613,15
3614,18
3615,15
3616,11
3617,15
3618,18
3619,15
3620,15
3621,18
3622,11
3623,15
3624,11
3625,11
3626,11
3627,11
3628,11
3629,4
3630,11
3631,4
3632,11
3633,4
3634,15
3635,18
3636,18
3637,18
3638,18
3639,15
3640,15
3641,12
3642,15
3643,11
3644,11
3645,15
3646,15
3647,11
3648,11
3649,11
3650,18
3651,11
3652,15
3653,11
3654,11
3655,18
3656,11
3657,18
3658,11
3659,18
3660,11
3661,11
3662,18
3663,11
3664,18
3665,15
3666,11
3667,4
3668,11
3669,15
3670,15
3671,11
3672,15
3673,11
3674,11
3675,11
3676,15
3677,11
3678,11
3679,11
3680,15
3681,11
3682,15
3683,11
3684,15
3685,11
3686,4
3687,15
3688,15
3689,11
3690,11
3691,18
3692,15
3693,11
3694,18
3695,11
3696,15
3697,11
3698,15
3699,11
3700,11
3701,18
3702,15
3703,15
3704,15
3705,15
3706,15
3707,15
3708,11
3709,11
3710,11
3711,15
3712,18
3713,11
3714,18
3715,18
3716,15
3717,18
3718,11
3719,18
3720,15
3721,15
3722,15
3723,11
3724,18
3725,15
3726,18
3727,18
3728,11
3729,18
3730,4
3731,18
3732,15
3733,18
3734,18
3735,15
3736,15
3737,15
3738,18
3739,11
3740,11
3741,15
3742,18
3743,11
3744,11
3745,15
3746,15
3747,11
3748,15
3749,18
3750,11
3751,18
3752,11
3753,18
3754,18
3755,18
3756,15
3757,18
3758,11
3759,18
3760,11
3761,11
3762,11
3763,11
3764,4
3765,15
3766,18
3767,11
3768,11
3769,11
3770,18
3771,11
3772,18
3773,15
3774,18
3775,11
3776,11
3777,15
3778,11
3779,11
3780,4
3781,18
3782,11
3783,18
3784,15
3785,18
3786,18
3787,11
3788,15
3789,15
3790,15
3791,4
3792,11
3793,18
3794,18
3795,15
3796,18
3797,18
3798,15
3799,15
3800,11
3801,11
3802,11
3803,4
3804,11
3805,18
3806,15
3807,15
3808,15
3809,18
3810,11
3811,15
3812,18
3813,11
3814,4
3815,11
3816,15
3817,18
3818,18
3819,18
3820,18
3821,11
3822,18
3823,11
3824,15
3825,18
3826,11
3827,11
3828,15
3829,11
3830,4
3831,15
3832,4
3833,18
3834,15
3835,15
3836,15
3837,11
3838,11
3839,13
3840,18
3841,11
3842,4
3843,18
3844,11
3845,18
3846,18
3847,18
3848,15
3849,11
3850,11
3851,11
3852,18
3853,4
3854,4
3855,15
3856,18
3857,11
3858,15
3859,3
3860,18
3861,15
3862,18
3863,15
3864,15
3865,11
3866,11
3867,15
3868,15
3869,15
3870,18
3871,15
3872,18
3873,11
3874,15
3875,11
3876,18
3877,18
3878,18
3879,11
3880,11
3881,18
3882,15
3883,11
3884,15
3885,11
3886,15
3887,15
3888,15
3889,4
3890,11
3891,4
3892,15
3893,11
3894,11
3895,15
3896,15
3897,15
3898,18
3899,15
3900,15
3901,11
3902,18
3903,11
3904,15
3905,11
3906,11
3907,15
3908,11
3909,15
3910,11
3911,11
3912,18
3913,18
3914,18
3915,15
3916,15
3917,15
3918,15
3919,11
3920,11
3921,11
3922,18
3923,11
3924,15
3925,11
3926,18
3927,18
3928,11
3929,11
3930,15
3931,11
3932,11
3933,11
3934,18
3935,18
3936,15
3937,11
3938,18
3939,18
3940,11
3941,15
3942,18
3943,11
3944,15
3945,4
3946,4
3947,11
3948,11
3949,11
3950,11
3951,18
3952,11
3953,11
3954,11
3955,18
3956,15
3957,15
3958,15
3959,11
3960,4
3961,15
3962,4
3963,15
3964,15
3965,11
3966,11
3967,11
3968,18
3969,18
3970,18
3971,15
3972,15
3973,18
3974,1
3975,11
3976,11
3977,11
3978,11
3979,11
3980,11
3981,11
3982,15
3983,11
3984,18
3985,18
3986,11
3987,15
3988,18
3989,18
3990,4
3991,18
3992,11
3993,15
3994,18
3995,11
3996,11
3997,18
3998,15
3999,11
4000,18
4001,11
4002,18
4003,4
4004,11
4005,15
4006,18
4007,15
4008,11
4009,15
4010,11
4011,11
4012,18
4013,1
4014,11
4015,11
4016,4
4017,15
4018,18
4019,18
4020,11
4021,15
4022,15
4023,15
4024,18
4025,11
4026,15
4027,18
4028,18
4029,18
4030,18
4031,18
4032,15
4033,18
4034,11
4035,18
4036,11
4037,18
4038,15
4039,15
4040,18
4041,11
4042,4
4043,18
4044,15
4045,11
4046,11
4047,18
4048,11
4049,11
4050,18
4051,18
4052,11
4053,15
4054,18
4055,18
4056,15
4057,18
4058,15
4059,11
4060,18
4061,4
4062,11
4063,11
4064,15
4065,15
4066,18
4067,11
4068,15
4069,18
4070,11
4071,15
4072,11
4073,15
4074,18
4075,12
4076,18
4077,18
4078,11
4079,15
4080,11
4081,18
4082,18
4083,15
4084,18
4085,18
4086,18
4087,18
4088,4
4089,11
4090,11
4091,18
4092,11
4093,18
4094,15
4095,18
4096,4
4097,11
4098,15
4099,15
4100,15
4101,18
4102,18
4103,15
4104,11
4105,18
4106,11
4107,18
4108,15
4109,11
4110,11
4111,11
4112,11
4113,18
4114,4
4115,11
4116,11
4117,18
4118,11
4119,11
4120,11
4121,11
4122,15
4123,18
4124,11
4125,18
4126,11
4127,11
4128,15
4129,11
4130,11
4131,11
4132,11
4133,18
4134,15
4135,18
4136,11
4137,15
4138,18
4139,11
4140,18
4141,4
4142,18
4143,11
4144,18
4145,11
4146,11
4147,11
4148,11
4149,15
4150,4
4151,18
4152,11
4153,11
4154,18
4155,15
4156,18
4157,15
4158,15
4159,18
4160,18
4161,11
4162,11
4163,15
4164,15
4165,15
4166,18
4167,18
4168,11
4169,18
4170,15
4171,15
4172,15
4173,11
4174,15
4175,15
4176,11
4177,15
4178,11
4179,11
4180,18
4181,15
4182,18
4183,4
4184,18
4185,11
4186,15
4187,11
4188,11
4189,15
4190,15
4191,11
4192,11
4193,18
4194,18
4195,15
4196,4
4197,11
4198,15
4199,11
4200,11
4201,11
4202,18
4203,18
4204,15
4205,15
4206,4
4207,11
4208,11
4209,18
4210,11
4211,18
4212,11
4213,18
4214,15
4215,11
4216,18
4217,15
4218,18
4219,18
4220,15
4221,18
4222,18
4223,18
4224,15
4225,15
4226,15
4227,18
4228,11
4229,11
4230,11
4231,11
4232,11
4233,11
4234,11
4235,15
4236,11
4237,11
4238,11
4239,18
4240,15
4241,11
4242,15
4243,18
4244,15
4245,15
4246,11
4247,11
4248,15
4249,11
4250,18
4251,18
4252,11
4253,15
4254,15
4255,11
4256,11
4257,18
4258,11
4259,15
4260,11
4261,11
4262,15
4263,11
4264,18
4265,15
4266,18
4267,11
4268,15
4269,18
4270,18
4271,11
4272,15
4273,15
4274,15
4275,11
4276,18
4277,11
4278,11
4279,11
4280,11
4281,18
4282,11
4283,18
4284,18
4285,18
4286,4
4287,18
4288,18
4289,11
4290,11
4291,18
4292,4
4293,11
4294,15
4295,15
4296,15
4297,11
4298,11
4299,18
4300,11
4301,15
4302,11
4303,4
4304,11
4305,11
4306,4
4307,15
4308,18
4309,18
4310,11
4311,11
4312,18
4313,11
4314,18
4315,15
4316,11
4317,18
4318,11
4319,11
4320,11
4321,11
4322,11
4323,11
4324,18
4325,11
4326,11
4327,15
4328,11
4329,18
4330,15
4331,11
4332,18
4333,18
4334,4
4335,11
4336,15
4337,15
4338,18
4339,18
4340,15
4341,15
4342,18
4343,15
4344,15
4345,15
4346,11
4347,18
4348,4
4349,11
4350,18
4351,11
4352,15
4353,4
4354,4
4355,18
4356,18
4357,11
4358,15
4359,15
4360,11
4361,15
4362,11
4363,15
4364,18
4365,11
4366,11
4367,18
4368,15
4369,18
4370,11
4371,11
4372,18
4373,18
4374,18
4375,18
4376,18
4377,15
4378,9
4379,18
4380,11
4381,15
4382,15
4383,11
4384,18
4385,15
4386,18
4387,15
4388,3
4389,11
4390,11
4391,11
4392,18
4393,15
4394,18
4395,11
4396,15
4397,11
4398,18
4399,11
4400,15
4401,18
4402,18
4403,15
4404,11
4405,15
4406,11
4407,18
4408,15
4409,11
4410,11
4411,4
4412,18
4413,11
4414,11
4415,15
4416,15
4417,11
4418,18
4419,11
4420,18
4421,18
4422,11
4423,11
4424,11
4425,11
4426,18
4427,18
4428,15
4429,11
4430,15
4431,11
4432,11
4433,11
4434,18
4435,15
4436,18
4437,11
4438,18
4439,18
4440,15
4441,11
4442,11
4443,11
4444,15
4445,11
4446,11
4447,18
4448,4
4449,15
4450,18
4451,11
4452,11
4453,13
4454,0
4455,18
4456,18
4457,15
4458,15
4459,15
4460,18
4461,15
4462,15
4463,11
4464,15
4465,15
4466,4
4467,18
4468,11
4469,15
4470,11
4471,11
4472,11
4473,15
4474,15
4475,15
4476,15
4477,11
4478,18
4479,15
4480,11
4481,11
4482,15
4483,18
4484,15
4485,11
4486,18
4487,12
4488,18
4489,4
4490,18
4491,11
4492,11
4493,15
4494,15
4495,18
4496,18
4497,18
4498,15
4499,18
4500,18
4501,11
4502,11
4503,11
4504,15
4505,15
4506,18
4507,18
4508,18
4509,11
4510,15
4511,11
4512,11
4513,18
4514,18
4515,4
4516,11
4517,15
4518,18
4519,15
4520,15
4521,15
4522,11
4523,18
4524,11
4525,18
4526,15
4527,18
4528,18
4529,18
4530,11
4531,18
4532,11
4533,11
4534,18
4535,18
4536,18
4537,11
4538,15
4539,4
4540,11
4541,18
4542,15
4543,18
4544,15
4545,18
4546,15
4547,18
4548,4
4549,11
4550,18
4551,15
4552,18
4553,18
4554,11
4555,15
4556,11
4557,11
4558,15
4559,18
4560,11
4561,4
4562,11
4563,15
4564,11
4565,11
4566,15
4567,18
4568,15
4569,15
4570,18
4571,11
4572,11
4573,15
4574,18
4575,11
4576,15
4577,18
4578,11
4579,15
4580,15
4581,11
4582,11
4583,11
4584,11
4585,18
4586,11
4587,11
4588,11
4589,18
4590,11
4591,18
4592,11
4593,11
4594,15
4595,11
4596,18
4597,11
4598,15
4599,18
4600,11
4601,11
4602,11
4603,11
4604,15
4605,15
4606,11
4607,18
4608,11
4609,11
4610,11
4611,18
4612,15
4613,11
4614,15
4615,11
4616,15
4617,15
4618,15
4619,11
4620,11
4621,18
4622,18
4623,11
4624,11
4625,11
4626,15
4627,11
4628,11
4629,15
4630,15
4631,15
4632,15
4633,18
4634,11
4635,15
4636,11
4637,18
4638,18
4639,11
4640,15
4641,18
4642,11
4643,11
4644,15
4645,18
4646,15
4647,11
4648,18
4649,11
4650,11
4651,15
4652,15
4653,18
4654,15
4655,15
4656,4
4657,11
4658,11
4659,15
4660,18
4661,11
4662,18
4663,11
4664,11
4665,15
4666,18
4667,18
4668,18
4669,18
4670,18
4671,18
4672,18
4673,11
4674,18
4675,11
4676,18
4677,15
4678,4
4679,15
4680,18
4681,11
4682,11
4683,11
4684,11
4685,18
4686,11
4687,18
4688,18
4689,11
4690,18
4691,15
4692,15
4693,15
4694,15
4695,3
4696,18
4697,15
4698,11
4699,11
4700,11
4701,11
4702,15
4703,15
4704,18
4705,11
4706,4
4707,11
4708,15
4709,15
4710,15
4711,15
4712,15
4713,15
4714,18
4715,15
4716,18
4717,11
4718,11
4719,18
4720,11
4721,18
4722,15
4723,15
4724,15
4725,15
4726,15
4727,15
4728,15
4729,11
4730,15
4731,18
4732,11
4733,15
4734,18
4735,11
4736,18
4737,15
4738,18
4739,15
4740,11
4741,11
4742,18
4743,4
4744,11
4745,11
4746,18
4747,11
4748,18
4749,15
4750,11
4751,15
4752,11
4753,11
4754,15
4755,18
4756,15
4757,11
4758,15
4759,18
4760,11
4761,15
4762,18
4763,15
4764,18
4765,4
4766,18
4767,15
4768,11
4769,15
4770,11
4771,18
4772,11
4773,11
4774,11
4775,15
4776,18
4777,11
4778,11
4779,18
4780,18
4781,11
4782,11
4783,18
4784,18
4785,15
4786,11
4787,15
4788,11
4789,11
4790,15
4791,11
4792,11
4793,18
4794,15
4795,18
4796,12
4797,18
4798,11
4799,11
4800,11
4801,18
4802,18
4803,18
4804,15
4805,4
4806,15
4807,18
4808,11
4809,15
4810,15
4811,15
4812,18
4813,4
4814,15
4815,15
4816,18
4817,15
4818,15
4819,11
4820,11
4821,11
4822,15
4823,4
4824,11
4825,11
4826,11
4827,11
4828,15
4829,15
4830,18
4831,11
4832,11
4833,11
4834,11
4835,18
4836,11
4837,15
4838,11
4839,11
4840,11
4841,15
4842,18
4843,15
4844,18
4845,11
4846,11
4847,11
4848,18
4849,18
4850,18
4851,18
4852,11
4853,11
4854,18
4855,4
4856,18
4857,11
4858,11
4859,15
4860,11
4861,11
4862,18
4863,4
4864,11
4865,18
4866,11
4867,18
4868,11
4869,11
4870,11
4871,15
4872,11
4873,15
4874,11
4875,15
4876,18
4877,11
4878,18
4879,15
4880,11
4881,18
4882,11
4883,15
4884,15
4885,11
4886,11
4887,15
4888,11
4889,4
4890,11
4891,18
4892,18
4893,11
4894,4
4895,4
4896,15
4897,4
4898,18
4899,11
4900,11
4901,11
4902,18
4903,15
4904,18
4905,18
4906,11
4907,15
4908,15
4909,15
4910,11
4911,18
4912,15
4913,11
4914,18
4915,4
4916,15
4917,15
4918,15
4919,11
4920,11
4921,11
4922,11
4923,15
4924,15
4925,15
4926,18
4927,15
4928,11
4929,18
4930,15
4931,15
4932,11
4933,18
4934,18
4935,18
4936,11
4937,15
4938,11
4939,11
4940,18
4941,11
4942,15
4943,12
4944,15
4945,15
4946,15
4947,18
4948,18
4949,18
4950,11
4951,15
4952,15
4953,18
4954,18
4955,4
4956,18
4957,18
4958,18
4959,15
4960,15
4961,11
4962,18
4963,15
4964,11
4965,18
4966,15
4967,18
4968,15
4969,11
4970,15
4971,18
4972,18
4973,15
4974,4
4975,15
4976,11
4977,11
4978,15
4979,15
4980,11
4981,15
4982,18
4983,15
4984,15
4985,18
4986,18
4987,18
4988,4
4989,11
4990,18
4991,18
4992,11
4993,11
4994,11
4995,18
4996,18
4997,11
4998,15
4999,4
5000,15
5001,18
5002,11
5003,18
5004,18
5005,18
5006,18
5007,18
5008,15
5009,6
5010,15
5011,15
5012,11
5013,11
5014,15
5015,11
5016,18
5017,11
5018,18
5019,18
5020,18
5021,1
5022,11
5023,18
5024,11
5025,15
5026,11
5027,11
5028,15
5029,11
5030,11
5031,18
5032,3
5033,11
5034,18
5035,15
5036,15
5037,15
5038,15
5039,11
5040,11
5041,15
5042,15
5043,18
5044,4
5045,18
5046,4
5047,18
5048,11
5049,4
5050,15
5051,18
5052,18
5053,15
5054,15
5055,4
5056,11
5057,11
5058,18
5059,18
5060,11
5061,11
5062,11
5063,15
5064,15
5065,11
5066,18
5067,18
5068,11
5069,18
5070,11
5071,11
5072,11
5073,11
5074,18
5075,11
5076,18
5077,18
5078,11
5079,11
5080,18
5081,15
5082,18
5083,4
5084,18
5085,18
5086,18
5087,11
5088,18
5089,11
5090,11
5091,18
5092,18
5093,11
5094,18
5095,15
5096,18
5097,11
5098,15
5099,11
5100,11
5101,11
5102,18
5103,18
5104,15
5105,11
5106,18
5107,18
5108,11
5109,11
5110,18
5111,15
5112,11
5113,18
5114,11
5115,18
5116,11
5117,11
5118,11
5119,18
5120,18
5121,11
5122,11
5123,11
5124,11
5125,11
5126,11
5127,18
5128,6
5129,11
5130,11
5131,18
5132,18
5133,18
5134,11
5135,11
5136,11
5137,11
5138,18
5139,15
5140,11
5141,11
5142,15
5143,15
5144,1
5145,15
5146,15
5147,15
5148,4
5149,11
5150,4
5151,11
5152,4
5153,18
5154,11
5155,11
5156,11
5157,15
5158,11
5159,18
5160,18
5161,11
5162,4
5163,15
5164,11
5165,11
5166,11
5167,15
5168,11
5169,15
5170,18
5171,11
5172,11
5173,18
5174,15
5175,18
5176,18
5177,11
5178,11
5179,18
5180,18
5181,18
5182,18
5183,11
5184,18
5185,18
5186,11
5187,11
5188,11
5189,15
5190,11
5191,18
5192,18
5193,18
5194,18
5195,18
5196,4
5197,11
5198,18
5199,11
5200,15
5201,18
5202,18
5203,18
5204,4
5205,11
5206,11
5207,18
5208,18
5209,15
5210,18
5211,18
5212,11
5213,18
5214,11
5215,15
5216,18
5217,11
5218,15
5219,18
5220,18
5221,11
5222,11
5223,15
5224,4
5225,18
5226,15
5227,18
5228,18
5229,11
5230,15
5231,15
5232,18
5233,18
5234,11
5235,15
5236,11
5237,18
5238,18
5239,11
5240,15
5241,11
5242,15
5243,15
5244,11
5245,11
5246,18
5247,18
5248,18
5249,11
5250,15
5251,15
5252,15
5253,18
5254,18
5255,9
5256,15
5257,4
5258,18
5259,18
5260,15
5261,11
5262,11
5263,11
5264,15
5265,18
5266,18
5267,4
5268,11
5269,11
5270,18
5271,15
5272,15
5273,18
5274,11
5275,15
5276,18
5277,18
5278,11
5279,18
5280,15
5281,11
5282,15
5283,11
5284,18
5285,15
5286,11
5287,15
5288,18
5289,15
5290,11
5291,11
5292,11
5293,11
5294,11
5295,11
5296,15
5297,15
5298,15
5299,15
5300,15
5301,18
5302,18
5303,15
5304,11
5305,11
5306,18
5307,15
5308,11
5309,11
5310,11
5311,15
5312,15
5313,11
5314,15
5315,11
5316,11
5317,11
5318,4
5319,18
5320,15
5321,15
5322,18
5323,15
5324,11
5325,18
5326,11
5327,18
5328,18
5329,15
5330,15
5331,11
5332,0
5333,11
5334,4
5335,11
5336,15
5337,11
5338,18
5339,11
5340,18
5341,18
5342,15
5343,4
5344,11
5345,11
5346,11
5347,18
5348,11
5349,15
5350,11
5351,11
5352,15
5353,11
5354,11
5355,15
5356,11
5357,18
5358,18
5359,11
5360,11
5361,4
5362,15
5363,11
5364,11
5365,11
5366,15
5367,15
5368,15
5369,18
5370,4
5371,11
5372,18
5373,11
5374,4
5375,18
5376,18
5377,4
5378,15
5379,11
5380,11
5381,18
5382,4
5383,18
5384,11
5385,11
5386,15
5387,15
5388,15
5389,11
5390,18
5391,11
5392,11
5393,11
5394,18
5395,3
5396,11
5397,15
5398,15
5399,11
5400,18
5401,18
5402,18
5403,11
5404,15
5405,15
5406,11
5407,11
5408,11
5409,11
5410,11
5411,18
5412,11
5413,18
5414,11
5415,11
5416,15
5417,18
5418,18
5419,18
5420,18
5421,11
5422,11
5423,11
5424,15
5425,4
5426,15
5427,11
5428,15
5429,11
5430,11
5431,11
5432,18
5433,15
5434,11
5435,4
5436,18
5437,11
5438,18
5439,15
5440,18
5441,11
5442,15
5443,18
5444,11
5445,18
5446,11
5447,4
5448,18
5449,4
5450,1
5451,15
5452,11
5453,15
5454,15
5455,11
5456,18
5457,11
5458,18
5459,18
5460,11
5461,15
5462,11
5463,15
5464,15
5465,3
5466,4
5467,11
5468,15
5469,15
5470,15
5471,18
5472,15
5473,11
5474,18
5475,15
5476,18
5477,4
5478,15
5479,15
5480,11
5481,18
5482,15
5483,11
5484,18
5485,11
5486,11
5487,15
5488,15
5489,11
5490,11
5491,11
5492,18
5493,18
5494,4
5495,15
5496,18
5497,11
5498,18
5499,11
5500,11
5501,11
5502,11
5503,15
5504,18
5505,11
5506,11
5507,11
5508,18
5509,11
5510,11
5511,18
5512,0
5513,18
5514,15
5515,15
5516,15
5517,15
5518,11
5519,18
5520,11
5521,11
5522,18
5523,4
5524,11
5525,18
5526,11
5527,11
5528,15
5529,18
5530,18
5531,15
5532,15
5533,15
5534,18
5535,11
5536,18
5537,15
5538,15
5539,18
5540,11
5541,11
5542,4
5543,15
5544,11
5545,15
5546,18
5547,18
5548,15
5549,11
5550,15
5551,15
5552,18
5553,18
5554,11
5555,18
5556,15
5557,11
5558,4
5559,11
5560,15
5561,11
5562,15
5563,11
5564,11
5565,11
5566,15
5567,15
5568,11
5569,15
5570,18
5571,18
5572,15
5573,11
5574,18
5575,18
5576,15
5577,15
5578,11
5579,11
5580,18
5581,15
5582,15
5583,15
5584,15
5585,11
5586,15
5587,11
5588,11
5589,18
5590,11
5591,15
5592,15
5593,11
5594,11
5595,11
5596,18
5597,11
5598,15
5599,11
5600,18
5601,15
5602,18
5603,15
5604,11
5605,15
5606,11
5607,18
5608,11
5609,1
5610,18
5611,18
5612,15
5613,18
5614,15
5615,11
5616,18
5617,15
5618,15
5619,11
5620,11
5621,11
5622,18
5623,18
5624,4
5625,18
5626,11
5627,11
5628,11
5629,18
5630,11
5631,11
5632,15
5633,15
5634,11
5635,11
5636,3
5637,11
5638,15
5639,18
5640,11
5641,11
5642,11
5643,18
5644,15
5645,18
5646,3
5647,15
5648,18
5649,15
5650,18
5651,11
5652,4
5653,18
5654,15
5655,11
5656,18
5657,11
5658,18
5659,11
5660,18
5661,15
5662,11
5663,11
5664,11
5665,15
5666,15
5667,11
5668,15
5669,15
5670,15
5671,15
5672,18
5673,18
5674,18
5675,15
5676,11
5677,11
5678,11
5679,18
5680,11
5681,18
5682,15
5683,11
5684,11
5685,18
5686,11
5687,15
5688,18
5689,11
5690,11
5691,11
5692,11
5693,18
5694,18
5695,8
5696,11
5697,9
5698,11
5699,18
5700,15
5701,11
5702,11
5703,15
5704,15
5705,15
5706,11
5707,4
5708,18
5709,11
5710,11
5711,11
5712,18
5713,15
5714,18
5715,15
5716,15
5717,4
5718,11
5719,11
5720,11
5721,15
5722,15
5723,18
5724,18
5725,15
5726,11
5727,15
5728,11
5729,9
5730,11
5731,15
5732,18
5733,11
5734,15
5735,15
5736,11
5737,18
5738,15
5739,11
5740,4
5741,11
5742,18
5743,18
5744,11
5745,11
5746,4
5747,4
5748,15
5749,18
5750,18
5751,15
5752,4
5753,11
5754,15
5755,18
5756,15
5757,11
5758,15
5759,11
5760,15
5761,15
5762,15
5763,11
5764,18
5765,15
5766,11
5767,15
5768,15
5769,11
5770,11
5771,15
5772,11
5773,18
5774,15
5775,4
5776,18
5777,15
5778,15
5779,15
5780,15
5781,15
5782,15
5783,11
5784,11
5785,15
5786,11
5787,15
5788,11
5789,11
5790,18
5791,11
5792,18
5793,11
5794,15
5795,11
5796,15
5797,18
5798,18
5799,11
5800,11
5801,15
5802,11
5803,15
5804,15
5805,15
5806,15
5807,15
5808,11
5809,15
5810,11
5811,12
5812,18
5813,9
5814,11
5815,11
5816,11
5817,15
5818,11
5819,4
5820,18
5821,11
5822,15
5823,18
5824,11
5825,15
5826,15
5827,11
5828,15
5829,11
5830,11
5831,15
5832,15
5833,15
5834,15
5835,15
5836,18
5837,11
5838,11
5839,11
5840,15
5841,15
5842,15
5843,18
5844,11
5845,15
5846,4
5847,18
5848,15
5849,4
5850,18
5851,18
5852,11
5853,18
5854,11
5855,15
5856,18
5857,15
5858,15
5859,15
5860,11
5861,18
5862,11
5863,15
5864,18
5865,11
5866,15
5867,11
5868,15
5869,18
5870,4
5871,11
5872,11
5873,11
5874,11
5875,11
5876,15
5877,11
5878,18
5879,11
5880,11
5881,18
5882,11
5883,11
5884,15
5885,15
5886,11
5887,11
5888,18
5889,11
5890,11
5891,18
5892,15
5893,15
5894,15
5895,15
5896,18
5897,15
5898,15
5899,11
5900,11
5901,18
5902,18
5903,15
5904,15
5905,11
5906,18
5907,18
5908,11
5909,4
5910,15
5911,11
5912,18
5913,11
5914,11
5915,15
5916,18
5917,11
5918,4
5919,18
5920,18
5921,11
5922,11
5923,11
5924,11
5925,15
5926,11
5927,11
5928,11
5929,11
5930,15
5931,11
5932,11
5933,18
5934,4
5935,15
5936,18
5937,18
5938,15
5939,18
5940,11
5941,15
5942,15
5943,4
5944,18
5945,15
5946,18
5947,15
5948,15
5949,18
5950,18
5951,11
5952,15
5953,11
5954,4
5955,15
5956,18
5957,18
5958,15
5959,11
5960,18
5961,11
5962,11
5963,15
5964,11
5965,15
5966,11
5967,15
5968,11
5969,11
5970,15
5971,11
5972,4
5973,15
5974,11
5975,11
5976,18
5977,18
5978,15
5979,18
5980,18
5981,18
5982,15
5983,1
5984,18
5985,3
5986,18
5987,11
5988,18
5989,15
5990,11
5991,18
5992,11
5993,15
5994,11
5995,11
5996,18
5997,11
5998,11
5999,15
6000,15
6001,18
6002,11
6003,4
6004,11
6005,18
6006,15
6007,11
6008,15
6009,18
6010,4
6011,18
6012,18
6013,18
6014,11
6015,15
6016,11
6017,11
6018,4
6019,11
6020,11
6021,11
6022,11
6023,11
6024,18
6025,11
6026,15
6027,11
6028,15
6029,18
6030,18
6031,18
6032,11
6033,18
6034,15
6035,15
6036,15
6037,11
6038,18
6039,11
6040,18
6041,11
6042,18
6043,11
6044,15
6045,11
6046,11
6047,18
6048,15
6049,4
6050,18
6051,4
6052,11
6053,11
6054,11
6055,15
6056,18
6057,18
6058,15
6059,15
6060,15
6061,1
6062,18
6063,4
6064,15
6065,18
6066,11
6067,11
6068,3
6069,11
6070,11
6071,11
6072,11
6073,18
6074,18
6075,18
6076,15
6077,4
6078,15
6079,15
6080,15
6081,3
6082,18
6083,11
6084,18
6085,11
6086,15
6087,18
6088,18
6089,11
6090,15
6091,3
6092,18
6093,11
6094,3
6095,18
6096,11
6097,15
6098,15
6099,18
6100,18
6101,15
6102,11
6103,4
6104,15
6105,11
6106,15
6107,11
6108,11
6109,3
6110,11
6111,11
6112,18
6113,11
6114,15
6115,11
6116,15
6117,18
6118,18
6119,11
6120,11
6121,15
6122,18
6123,15
6124,4
6125,11
6126,9
6127,18
6128,11
6129,11
6130,18
6131,18
6132,11
6133,15
6134,18
6135,15
6136,11
6137,18
6138,11
6139,18
6140,18
6141,11
6142,11
6143,18
6144,4
6145,11
6146,11
6147,18
6148,11
6149,18
6150,15
6151,11
6152,11
6153,18
6154,11
6155,4
6156,18
6157,4
6158,4
6159,18
6160,15
6161,11
6162,15
6163,11
6164,18
6165,11
6166,15
6167,15
6168,11
6169,15
6170,4
6171,15
6172,11
6173,11
6174,15
6175,15
6176,11
6177,18
6178,11
6179,11
6180,18
6181,11
6182,11
6183,18
6184,18
6185,18
6186,11
6187,18
6188,11
6189,11
6190,15
6191,15
6192,15
6193,15
6194,11
6195,11
6196,18
6197,11
6198,18
6199,15
6200,11
6201,11
6202,18
6203,11
6204,11
6205,11
6206,18
6207,11
6208,11
6209,11
6210,4
6211,18
6212,18
6213,15
6214,4
6215,15
6216,15
6217,11
6218,15
6219,1
6220,18
6221,11
6222,9
6223,15
6224,18
6225,4
6226,15
6227,18
6228,18
6229,18
6230,11
6231,18
6232,11
6233,18
6234,18
6235,18
6236,18
6237,15
6238,15
6239,18
6240,11
6241,15
6242,15
6243,15
6244,15
6245,15
6246,18
6247,15
6248,18
6249,15
6250,11
6251,15
6252,11
6253,4
6254,18
6255,18
6256,18
6257,15
6258,11
6259,18
6260,11
6261,11
6262,11
6263,11
6264,18
6265,4
6266,15
6267,15
6268,11
6269,11
6270,18
6271,18
6272,11
6273,18
6274,11
6275,15
6276,15
6277,11
6278,11
6279,11
6280,18
6281,15
6282,15
6283,15
6284,11
6285,18
6286,18
6287,11
6288,15
6289,11
6290,18
6291,15
6292,15
6293,15
6294,18
6295,15
6296,11
6297,15
6298,18
6299,11
6300,15
6301,18
6302,18
6303,11
6304,18
6305,18
6306,15
6307,18
6308,11
6309,4
6310,4
6311,11
6312,18
6313,18
6314,15
6315,18
6316,11
6317,15
6318,11
6319,11
6320,11
6321,15
6322,15
6323,15
6324,15
6325,15
6326,11
6327,4
6328,15
6329,18
6330,18
6331,18
6332,4
6333,18
6334,3
6335,18
6336,11
6337,15
6338,11
6339,11
6340,11
6341,18
6342,11
6343,15
6344,18
6345,11
6346,18
6347,18
6348,15
6349,15
6350,15
6351,11
6352,18
6353,4
6354,18
6355,11
6356,18
6357,18
6358,15
6359,18
6360,11
6361,15
6362,18
6363,15
6364,18
6365,11
6366,11
6367,11
6368,11
6369,11
6370,4
6371,11
6372,18
6373,4
6374,15
6375,11
6376,18
6377,15
6378,15
6379,18
6380,11
6381,4
6382,15
6383,15
6384,15
6385,11
6386,11
6387,11
6388,15
6389,4
6390,11
6391,18
6392,18
6393,11
6394,4
6395,11
6396,11
6397,18
6398,18
6399,18
6400,18
6401,15
6402,15
6403,18
6404,11
6405,15
6406,11
6407,11
6408,15
6409,15
6410,15
6411,18
6412,11
6413,11
6414,11
6415,11
6416,11
6417,11
6418,11
6419,18
6420,18
6421,15
6422,18
6423,15
6424,4
6425,3
6426,15
6427,15
6428,11
6429,18
6430,18
6431,18
6432,11
6433,4
6434,15
6435,18
6436,11
6437,18
6438,11
6439,15
6440,11
6441,11
6442,18
6443,4
6444,11
6445,11
6446,15
6447,11
6448,15
6449,18
6450,11
6451,18
6452,11
6453,18
6454,18
6455,4
6456,15
6457,4
6458,15
6459,18
6460,11
6461,18
6462,18
6463,4
6464,11
6465,15
6466,15
6467,11
6468,18
6469,15
6470,11
6471,15
6472,15
6473,11
6474,18
6475,4
6476,11
6477,3
6478,18
6479,18
6480,11
6481,18
6482,4
6483,11
6484,18
6485,15
6486,11
6487,15
6488,11
6489,4
6490,15
6491,15
6492,11
6493,18
6494,15
6495,11
6496,18
6497,4
6498,18
6499,11
6500,11
6501,18
6502,11
6503,11
6504,11
6505,11
6506,15
6507,11
6508,18
6509,18
6510,15
6511,15
6512,11
6513,15
6514,4
6515,4
6516,11
6517,11
6518,15
6519,18
6520,18
6521,15
6522,11
6523,15
6524,1
6525,15
6526,18
6527,15
6528,11
6529,15
6530,18
6531,11
6532,18
6533,11
6534,18
6535,18
6536,11
6537,15
6538,18
6539,15
6540,11
6541,15
6542,18
6543,11
6544,4
6545,15
6546,18
6547,11
6548,4
6549,18
6550,18
6551,15
6552,15
6553,15
6554,11
6555,11
6556,11
6557,15
6558,18
6559,18
6560,18
6561,15
6562,15
6563,11
6564,18
6565,15
6566,15
6567,18
6568,11
6569,11
6570,15
6571,11
6572,11
6573,11
6574,15
6575,4
6576,11
6577,15
6578,15
6579,11
6580,4
6581,11
6582,11
6583,3
6584,18
6585,15
6586,11
6587,11
6588,11
6589,18
6590,11
6591,15
6592,18
6593,15
6594,18
6595,0
6596,15
6597,18
6598,15
6599,18
6600,4
6601,11
6602,15
6603,18
6604,18
6605,18
6606,18
6607,11
6608,18
6609,11
6610,4
6611,18
6612,18
6613,15
6614,11
6615,18
6616,18
6617,18
6618,15
6619,18
6620,15
6621,15
6622,15
6623,18
6624,15
6625,15
6626,15
6627,11
6628,18
6629,18
6630,15
6631,11
6632,15
6633,11
6634,15
6635,15
6636,18
6637,11
6638,11
6639,15
6640,18
6641,15
6642,11
6643,18
6644,11
6645,3
6646,11
6647,18
6648,11
6649,15
6650,15
6651,11
6652,18
6653,11
6654,18
6655,18
6656,4
6657,11
6658,11
6659,18
6660,11
6661,18
6662,18
6663,11
6664,15
6665,11
6666,11
6667,15
6668,11
6669,11
6670,4
6671,11
6672,11
6673,15
6674,11
6675,15
6676,15
6677,4
6678,15
6679,11
6680,11
6681,15
6682,11
6683,11
6684,18
6685,11
6686,15
6687,11
6688,18
6689,15
6690,11
6691,15
6692,15
6693,18
6694,4
6695,11
6696,4
6697,18
6698,11
6699,15
6700,11
6701,18
6702,18
6703,11
6704,15
6705,15
6706,4
6707,4
6708,18
6709,18
6710,11
6711,15
6712,4
6713,11
6714,11
6715,4
6716,15
6717,4
6718,18
6719,4
6720,11
6721,4
6722,18
6723,11
6724,11
6725,11
6726,11
6727,18
6728,18
6729,4
6730,18
6731,18
6732,11
6733,11
6734,15
6735,11
6736,18
6737,18
6738,18
6739,11
6740,18
6741,18
6742,18
6743,18
6744,11
6745,11
6746,11
6747,15
6748,15
6749,11
6750,15
6751,15
6752,10
6753,18
6754,11
6755,11
6756,15
6757,18
6758,9
6759,11
6760,15
6761,18
6762,11
6763,18
6764,11
6765,15
6766,15
6767,18
6768,11
6769,18
6770,15
6771,15
6772,18
6773,11
6774,18
6775,11
6776,4
6777,18
6778,15
6779,15
6780,18
6781,11
6782,11
6783,18
6784,15
6785,11
6786,11
6787,15
6788,11
6789,11
6790,15
6791,4
6792,15
6793,4
6794,11
6795,18
6796,11
6797,11
6798,15
6799,11
6800,15
6801,18
6802,18
6803,11
6804,11
6805,15
6806,18
6807,18
6808,15
6809,15
6810,15
6811,18
6812,15
6813,11
6814,15
6815,15
6816,4
6817,11
6818,11
6819,18
6820,18
6821,15
6822,15
6823,11
6824,15
6825,18
6826,11
6827,15
6828,11
6829,11
6830,11
6831,15
6832,18
6833,11
6834,18
6835,15
6836,15
6837,11
6838,4
6839,15
6840,11
6841,18
6842,11
6843,12
6844,15
6845,18
6846,18
6847,18
6848,11
6849,15
6850,15
6851,15
6852,18
6853,15
6854,11
6855,11
6856,11
6857,11
6858,4
6859,15
6860,18
6861,15
6862,18
6863,18
6864,18
6865,15
6866,11
6867,11
6868,11
6869,11
6870,11
6871,11
6872,18
6873,11
6874,6
6875,11
6876,4
6877,18
6878,15
6879,11
6880,11
6881,15
6882,15
6883,15
6884,9
6885,11
6886,18
6887,15
6888,15
6889,18
6890,18
6891,11
6892,11
6893,15
6894,6
6895,11
6896,4
6897,11
6898,11
6899,11
6900,15
6901,15
6902,11
6903,11
6904,11
6905,11
6906,11
6907,11
6908,15
6909,11
6910,4
6911,18
6912,15
6913,4
6914,11
6915,18
6916,15
6917,11
6918,15
6919,15
6920,15
6921,11
6922,11
6923,4
6924,18
6925,15
6926,11
6927,11
6928,18
6929,11
6930,11
6931,15
6932,15
6933,18
6934,18
6935,4
6936,15
6937,15
6938,15
6939,15
6940,15
6941,11
6942,18
6943,11
6944,18
6945,15
6946,15
6947,15
6948,15
6949,11
6950,11
6951,18
6952,18
6953,15
6954,15
6955,15
6956,11
6957,15
6958,11
6959,18
6960,11
6961,11
6962,18
6963,15
6964,11
6965,11
6966,11
6967,15
6968,18
6969,4
6970,18
6971,11
6972,18
6973,11
6974,15
6975,15
6976,15
6977,18
6978,18
6979,4
6980,15
6981,15
6982,15
6983,11
6984,15
6985,15
6986,18
6987,15
6988,18
6989,15
6990,18
6991,18
6992,11
6993,11
6994,11
6995,11
6996,15
6997,11
6998,11
6999,13
7000,11
7001,18
7002,18
7003,11
7004,18
7005,18
7006,15
7007,11
7008,18
7009,15
7010,11
7011,15
7012,18
7013,15
7014,18
7015,15
7016,15
7017,15
7018,4
7019,18
7020,11
7021,11
7022,18
7023,11
7024,11
7025,18
7026,11
7027,11
7028,11
7029,15
7030,15
7031,11
7032,18
7033,15
7034,18
7035,11
7036,18
7037,15
7038,15
7039,11
7040,11
7041,11
7042,15
7043,11
7044,11
7045,18
7046,18
7047,15
7048,18
7049,18
7050,11
7051,15
7052,11
7053,11
7054,11
7055,11
7056,15
7057,18
7058,11
7059,18
7060,15
7061,11
7062,18
7063,18
7064,11
7065,4
7066,18
7067,18
7068,18
7069,11
7070,11
7071,18
7072,15
7073,11
7074,18
7075,11
7076,18
7077,11
7078,18
7079,18
7080,18
7081,18
7082,18
7083,18
7084,11
7085,18
7086,15
7087,11
7088,15
7089,11
7090,15
7091,11
7092,18
7093,11
7094,18
7095,11
7096,18
7097,11
7098,11
7099,11
7100,11
7101,15
7102,11
7103,11
7104,15
7105,11
7106,18
7107,11
7108,15
7109,15
7110,18
7111,18
7112,18
7113,12
7114,15
7115,15
7116,11
7117,15
7118,11
7119,9
7120,18
7121,11
7122,11
7123,18
7124,11
7125,18
7126,11
7127,11
7128,11
7129,18
7130,15
7131,18
7132,18
7133,11
7134,11
7135,11
7136,11
7137,11
7138,11
7139,9
7140,15
7141,15
7142,15
7143,18
7144,15
7145,11
7146,15
7147,15
7148,11
7149,11
7150,18
7151,11
7152,18
7153,11
7154,15
7155,15
7156,11
7157,11
7158,15
7159,15
7160,18
7161,15
7162,11
7163,11
7164,11
7165,15
7166,18
7167,11
7168,18
7169,15
7170,18
7171,15
7172,15
7173,18
7174,18
7175,15
7176,18
7177,15
7178,18
7179,11
7180,11
7181,18
7182,18
7183,15
7184,15
7185,11
7186,15
7187,11
7188,15
7189,11
7190,11
7191,11
7192,18
7193,15
7194,18
7195,15
7196,11
7197,18
7198,18
7199,11
7200,11
7201,18
7202,18
7203,18
7204,11
7205,15
7206,18
7207,18
7208,18
7209,11
7210,18
7211,15
7212,18
7213,11
7214,15
7215,11
7216,15
7217,11
7218,15
7219,4
7220,4
7221,11
7222,4
7223,15
7224,4
7225,15
7226,15
7227,15
7228,11
7229,18
7230,18
7231,15
7232,11
7233,15
7234,11
7235,18
7236,18
7237,11
7238,11
7239,18
7240,18
7241,11
7242,11
7243,15
7244,11
7245,15
7246,15
7247,11
7248,15
7249,15
7250,18
7251,18
7252,15
7253,18
7254,18
7255,15
7256,11
7257,15
7258,18
7259,11
7260,18
7261,15
7262,15
7263,18
7264,11
7265,11
7266,11
7267,11
7268,15
7269,11
7270,18
7271,4
7272,11
7273,15
7274,15
7275,15
7276,15
7277,15
7278,11
7279,11
7280,18
7281,15
7282,11
7283,18
7284,15
7285,18
7286,18
7287,15
7288,11
7289,18
7290,11
7291,15
7292,15
7293,15
7294,18
7295,18
7296,15
7297,15
7298,11
7299,11
7300,11
7301,4
7302,11
7303,18
7304,11
7305,11
7306,11
7307,15
7308,11
7309,4
7310,11
7311,11
7312,18
7313,11
7314,15
7315,4
7316,18
7317,18
7318,15
7319,15
7320,15
7321,15
7322,15
7323,15
7324,11
7325,15
7326,15
7327,4
7328,18
7329,18
7330,18
7331,18
7332,15
7333,4
7334,18
7335,11
7336,11
7337,4
7338,11
7339,15
7340,11
7341,11
7342,15
7343,18
7344,11
7345,11
7346,11
7347,15
7348,11
7349,11
7350,15
7351,15
7352,9
7353,18
7354,11
7355,15
7356,18
7357,18
7358,15
7359,11
7360,11
7361,15
7362,18
7363,15
7364,18
7365,11
7366,15
7367,11
7368,18
7369,11
7370,18
7371,11
7372,11
7373,18
7374,9
7375,11
7376,2
7377,11
7378,18
7379,11
7380,15
7381,15
7382,4
7383,11
7384,18
7385,11
7386,11
7387,11
7388,18
7389,15
7390,11
7391,11
7392,15
7393,18
7394,11
7395,11
7396,18
7397,11
7398,18
7399,18
7400,18
7401,11
7402,15
7403,11
7404,18
7405,4
7406,15
7407,15
7408,15
7409,18
7410,11
7411,18
7412,11
7413,11
7414,18
7415,18
7416,15
7417,18
7418,11
7419,11
7420,15
7421,18
7422,11
7423,18
7424,11
7425,12
7426,3
7427,11
7428,15
7429,18
7430,11
7431,18
7432,18
7433,11
7434,11
7435,15
7436,15
7437,11
7438,15
7439,11
7440,15
7441,11
7442,11
7443,15
7444,18
7445,18
7446,15
7447,4
7448,11
7449,15
7450,15
7451,11
7452,15
7453,11
7454,18
7455,18
7456,11
7457,15
7458,15
7459,11
7460,15
7461,11
7462,15
7463,15
7464,4
7465,11
7466,11
7467,18
7468,18
7469,18
7470,11
7471,11
7472,11
7473,11
7474,18
7475,11
7476,18
7477,15
7478,18
7479,15
7480,18
7481,15
7482,18
7483,18
7484,4
7485,11
7486,18
7487,11
7488,4
7489,18
7490,15
7491,15
7492,11
7493,11
7494,18
7495,11
7496,11
7497,11
7498,18
7499,11
